{
    "tags": {
        "allowUnknownTags": false
    },
    "source": {
        "include": ["src/*.ts"],
        "excludePattern": "(node_modules|lib|test)"
    },
    "plugins": [
        "plugins/markdown"
    ],
    "template": {
        "outputSourceFiles": true,
        "readme": "./README.md",
        "repository": "https://github.com/pixijs/pixijs/"
    },
    "templates": {
        "cleverLinks"   : false,
        "monospaceLinks": false,
        "default"       : {
            "outputSourceFiles" : true
        },
        "applicationName": "PixiJS",
        "footer"        : "Made with ♥ by the PixiJS Team",
        "copyright"     : "PixiJS Copyright © 2013-2023 Mat Groves.",
        "disqus": "",
        "googleAnalytics": "UA-103772589-5",
        "openGraph": {
            "title": "",
            "type": "website",
            "image": "",
            "site_name": "",
            "url": ""
        },
        "meta": {
            "title": "PixiJS API Documentation",
            "description": "Documentation for PixiJS library",
            "keyword": "docs, documentation, pixi, pixijs, renderer, html5, javascript, jsdoc"
        },
        "linenums"      : true
    },
    "plugin/markdown"  : {
        "parser"        : "gfm",
        "hardwrap"      : false
    },
    "opts": {
        "encoding"      : "utf8",
        "recurse"       : true,
        "lenient"       : true,
        "destination"   : "./out/docs",
        "template"      : "@pixi/webdoc-template",
        "export"        : "./out/docs/pixi.api.json"
    }
}
